cluster,customer_count,mean_cltv,median_cltv,std_cltv,mean_silhouette,cluster_label,cluster_display,marginal_count,marginal_pct
0,71742,10174.77706041438,3081.59,37987.58602310841,0.48599985580136384,Low-Value Base,C0 - Low-Value Base,14292,19.9
1,802,6888.428279301745,8291.93,194181.4468856861,0.7471807469947743,Anomalous,C1 - Anomalous,32,4.0
2,20621,-32322.708314824693,-1144.0,567613.0248651026,0.405384213587546,Unprofitable,C2 - Unprofitable,3698,17.9
3,3966,252970.09275592538,156375.08000000002,1409207.9687658495,0.11499398465453713,VIP Elite,C3 - VIP Elite,2765,69.7
4,14520,16405.48609782983,11309.58,22128.28806810799,0.2193166385859942,Active Mid-Tier,C4 - Active Mid-Tier,8188,56.4
5,17568,961.9734771457881,360.21500000000003,71790.33503916825,0.3629991259038398,Active Standard,C5 - Active Standard,4448,25.3
6,13981,12426.667393921598,2950.88,86081.08742323495,0.1521214725930853,Tenure Loyalists,C6 - Tenure Loyalists,8327,59.6
7,11286,17792.636958178275,3369.16,361435.8193743627,0.6146907817668452,Declining (Zero FLV),C7 - Declining (Zero FLV),124,1.1
8,11265,21989.241144353695,31719.010000000002,257024.16449614218,0.0982262705049906,High-Value,C8 - High-Value,9140,81.1
