{
  "n_clusters": 9,
  "silhouette": 0.3282015571017119,
  "calinski_harabasz": 46677.093530587554,
  "davies_bouldin": 1.138642741168966
}