{
  "classification_report": {
    "0": {
      "precision": 0.8333333333333334,
      "recall": 0.9615384615384616,
      "f1-score": 0.8928571428571429,
      "support": 26.0
    },
    "1": {
      "precision": 1.0,
      "recall": 1.0,
      "f1-score": 1.0,
      "support": 61.0
    },
    "2": {
      "precision": 1.0,
      "recall": 0.8421052631578947,
      "f1-score": 0.9142857142857143,
      "support": 57.0
    },
    "3": {
      "precision": 0.9466666666666667,
      "recall": 0.9726027397260274,
      "f1-score": 0.9594594594594594,
      "support": 73.0
    },
    "4": {
      "precision": 1.0,
      "recall": 1.0,
      "f1-score": 1.0,
      "support": 30.0
    },
    "5": {
      "precision": 1.0,
      "recall": 1.0,
      "f1-score": 1.0,
      "support": 2.0
    },
    "6": {
      "precision": 0.9938650306748467,
      "recall": 1.0,
      "f1-score": 0.9969230769230769,
      "support": 162.0
    },
    "7": {
      "precision": 0.9333333333333333,
      "recall": 0.7777777777777778,
      "f1-score": 0.8484848484848485,
      "support": 18.0
    },
    "8": {
      "precision": 0.9210526315789473,
      "recall": 0.9859154929577465,
      "f1-score": 0.9523809523809523,
      "support": 71.0
    },
    "accuracy": 0.966,
    "macro avg": {
      "precision": 0.9586945550652364,
      "recall": 0.9488821927953232,
      "f1-score": 0.9515990215990215,
      "support": 500.0
    },
    "weighted avg": {
      "precision": 0.9679484102895275,
      "recall": 0.966,
      "f1-score": 0.9655248506448506,
      "support": 500.0
    }
  },
  "feature_importances": [
    0.2503342313370624,
    0.13703096043877314,
    0.021547861311001244,
    0.16915707395762458,
    0.19531006815836152,
    0.22661980479717717
  ],
  "feature_names": [
    "ACTUAL_CLTV",
    "CURRENT_YEAR_FAP",
    "FUTURE_LIFETIME_VALUE",
    "ACTUAL_LIFETIME_DURATION",
    "NUM_CROSS_SOLD_LY",
    "CLM_OVER_PROFIT_HITCOUNT"
  ],
  "shap_error": "only integer scalar arrays can be converted to a scalar index"
}